name,theta0_deg,damping,noise,n_sparse,use_passivity,experiment_type,g_pred,L_pred,c_pred,g_error,L_error,c_error,g_rel_error,L_rel_error,c_rel_error,traj_rmse,traj_mse,energy_drift,final_loss,n_models,g_std,L_std,c_std,traj_coverage_95,g_ci_coverage_95,L_ci_coverage_95,c_ci_coverage_95
robust_amp30_d0.05_n0.00_s100_nopass,30.0,0.05,0.0,100,False,inverse_single,10.071639060974121,1.051559567451477,0.12050963193178177,0.2616390609741206,0.05155956745147705,0.07050963193178177,0.026670648417069676,0.05155956744632109,1.41019263581525,0.3267192995984225,0.10674550073008376,0.00034479223540984094,,,,,,,,,
robust_amp30_d0.05_n0.00_s100_pass,30.0,0.05,0.0,100,True,inverse_single,9.903066635131836,1.0914863348007202,1.103981375694275,0.09306663513183544,0.09148633480072021,1.0539813756942749,0.009486914896114857,0.09148633479157157,21.07962747172624,0.3263765257194339,0.10652163654068827,0.001194413984194398,,,,,,,,,
robust_amp30_d0.05_n0.00_s100_ensemble,30.0,0.05,0.0,100,True,ensemble,9.947649192810058,1.0909260034561157,0.8548712939023971,0.13764919281005739,0.09092600345611568,0.8048712939023971,0.014031518125388113,0.09092600345611568,16.09742587804794,0.32705345562438987,0.10696396283585476,,,5.0,0.09699080484284436,0.0003868166511059838,0.9224147670066266,0.008,1.0,0.0,0.0
robust_amp30_d0.05_n0.01_s100_nopass,30.0,0.05,0.01,100,False,inverse_single,9.80606746673584,1.2291828393936157,0.5661601424217224,0.003932533264160654,0.22918283939361572,0.5161601424217224,0.00040086985363104653,0.22918283937069744,10.323202827788041,0.32672303525490265,0.10674794176617634,0.0019940342754125595,,,,,,,,,
robust_amp30_d0.05_n0.01_s100_pass,30.0,0.05,0.01,100,True,inverse_single,10.017910957336426,1.0906140804290771,0.3977329730987549,0.20791095733642528,0.09061408042907715,0.3477329730987549,0.021193777506045453,0.09061408042001574,6.954659448065779,0.32672775938329623,0.10675102875162912,0.0005840620724484324,,,,,,,,,
robust_amp30_d0.05_n0.01_s100_ensemble,30.0,0.05,0.01,100,True,ensemble,9.947694969177245,1.0909260034561157,0.8547090023756028,0.13769496917724489,0.09092600345611568,0.8047090023756027,0.014036184421737501,0.09092600345611568,16.094180047512054,0.3270536149658707,0.10696406706224403,,,5.0,0.09697841723244317,0.0003868166511059838,0.9219400371112334,0.008,1.0,0.0,0.0
