Confidence,Coverage,Avg Width
90%,0.004,0.006328314
95%,0.006,0.009397001
